一	한 일	イチ・イツ	ひと(つ)	一つ	ひとつ	하나	N5	
二	두 이	ニ	ふた(つ)	二人	ふたり	두 사람	N5	
九	아홉 구	キュウ・ク	ここの(つ)	九月	くがつ	9월	N5	
七	일곱 칠	シチ	なな(つ)	七月	しちがつ	7월	N5	
人	사람 인	ジン・ニン	ひと	日本人	にほんじん	일본인	N5	
入	들 입	ニュウ	はい(る)・い(れる)	入口	いりぐち	입구	N5	
八	여덟 팔	ハチ	やっ(つ)	八月	はちがつ	8월	N5	
十	열 십	ジュウ	とお	十日	とおか	열흘·10일	N5	
三	석 삼	サン	みっ(つ)	三月	さんがつ	3월	N5	
上	위 상	ジョウ	うえ・あ(がる)	上手	じょうず	능숙함	N5	
下	아래 하	カ・ゲ	した・さ(げる)	下手	へた	서투름	N5	
大	클 대	ダイ・タイ	おお(きい)	大学	だいがく	대학	N5	
女	여자 녀	ジョ	おんな	女の人	おんなのひと	여자	N5	
山	메 산	サン	やま	富士山	ふじさん	후지산	N5	
川	내 천	セン	かわ	川	かわ	강	N5	
土	흙 토	ド	つち	土曜日	どようび	토요일	N5	
千	일천 천	セン	ち	千円	せんえん	천 엔	N5	
子	아들 자	シ	こ	子ども	こども	아이	N5	
小	작을 소	ショウ	ちい(さい)	小学校	しょうがっこう	초등학교	N5	
中	가운데 중	チュウ	なか	中国	ちゅうごく	중국	N5	
五	다섯 오	ゴ	いつ(つ)	五つ	いつつ	다섯	N5	
六	여섯 륙	ロク	むっ(つ)	六月	ろくがつ	6월	N5	
円	엔·둥글 원	エン	まる(い)	千円	せんえん	천 엔	N5	
天	하늘 천	テン	—	天気	てんき	날씨	N5	
日	날 일	ニチ・ジツ	ひ・か	日曜日	にちようび	일요일	N5	
月	달 월	ゲツ・ガツ	つき	月曜日	げつようび	월요일	N5	
木	나무 목	モク	き	木曜日	もくようび	목요일	N5	
水	물 수	スイ	みず	水曜日	すいようび	수요일	N5	
火	불 화	カ	ひ	火曜日	かようび	화요일	N5	
出	날 출	シュツ	で(る)・だ(す)	出口	でぐち	출구	N5	
右	오른 우	ウ・ユウ	みぎ	右	みぎ	오른쪽	N5	
四	넉 사	シ	よっ(つ)・よん	四月	しがつ	4월	N5	
左	왼 좌	サ	ひだり	左	ひだり	왼쪽	N5	
本	책·근본 본	ホン	もと	日本	にほん	일본	N5	木 나무 ＋ 一 밑동에 그은 표시 → 뿌리 → 근본
白	흰 백	ハク	しろ(い)	白い	しろい	하얗다	N5	
万	일만 만	マン	—	一万円	いちまんえん	만 엔	N5	
今	이제 금	コン	いま	今日	きょう	오늘	N5	
分	나눌 분	フン・ブン	わ(かる)	五分	ごふん	5분	N5	八 나뉨 ＋ 刀 칼 → 칼로 갈라 나누다
午	낮 오	ゴ	—	午前	ごぜん	오전	N5	
友	벗 우	ユウ	とも	友だち	ともだち	친구	N5	又 손 ＋ 又 손 → 손을 맞잡다 → 벗
父	아버지 부	フ	ちち	お父さん	おとうさん	아버지	N5	
北	북녘 북	ホク	きた	北口	きたぐち	북쪽 출구	N5	등을 맞댄 두 사람 → 등지다 → 해를 등진 쪽, 북
半	반 반	ハン	なか(ば)	半分	はんぶん	절반	N5	八 나뉨 ＋ 牛 소 → 소를 반으로 가르다
外	바깥 외	ガイ	そと	外国	がいこく	외국	N5	
母	어머니 모	ボ	はは	お母さん	おかあさん	어머니	N5	
休	쉴 휴	キュウ	やす(む)	休み	やすみ	휴일·쉬는 날	N5	亻 사람 ＋ 木 나무 → 나무에 기대어 쉬다
先	먼저 선	セン	さき	先生	せんせい	선생님	N5	
名	이름 명	メイ	な	名前	なまえ	이름	N5	夕 저녁 ＋ 口 입 → 어두워 안 보이니 이름을 부르다
年	해 년	ネン	とし	今年	ことし	올해	N5	禾 벼 ＋ 人 사람 → 벼를 지고 오는 주기 → 한 해
気	기운 기	キ・ケ	—	元気	げんき	건강함	N5	
百	일백 백	ヒャク	—	百円	ひゃくえん	100엔	N5	
男	사내 남	ダン・ナン	おとこ	男の子	おとこのこ	남자아이	N5	田 밭 ＋ 力 힘 → 밭에서 힘쓰는 사람
見	볼 견	ケン	み(る)	見せる	みせる	보여주다	N5	目 눈 ＋ 儿 사람 → 사람 위에 얹힌 눈 → 보다
車	수레 차	シャ	くるま	電車	でんしゃ	전철	N5	
毎	매양 매	マイ	—	毎日	まいにち	매일	N5	
行	다닐 행	コウ	い(く)	銀行	ぎんこう	은행	N5	
西	서녘 서	セイ	にし	西口	にしぐち	서쪽 출구	N5	
何	어찌 하	カ	なに・なん	何時	なんじ	몇 시	N5	
来	올 래	ライ	く(る)	来年	らいねん	내년	N5	
学	배울 학	ガク	まな(ぶ)	学校	がっこう	학교	N5	
金	쇠·돈 금	キン	かね	お金	おかね	돈	N5	
雨	비 우	ウ	あめ	雨	あめ	비	N5	
国	나라 국	コク	くに	外国	がいこく	외국	N5	囗 성벽 ＋ 玉 옥 → 성벽으로 지키는 보물 → 나라\n※ 어원 아님 · 외우기용
東	동녘 동	トウ	ひがし	東京	とうきょう	도쿄	N5	木 나무 ＋ 日 해 → 나무 사이로 해가 뜨는 쪽\n※ 어원 아님 · 외우기용
長	길 장	チョウ	なが(い)	社長	しゃちょう	사장	N5	
前	앞 전	ゼン	まえ	午前	ごぜん	오전	N5	
南	남녘 남	ナン	みなみ	南口	みなみぐち	남쪽 출구	N5	
後	뒤 후	ゴ・コウ	あと・うし(ろ)	午後	ごご	오후	N5	
食	먹을 식	ショク	た(べる)	食事	しょくじ	식사	N5	
校	학교 교	コウ	—	学校	がっこう	학교	N5	
時	때 시	ジ	とき	時間	じかん	시간	N5	
高	높을 고	コウ	たか(い)	高校	こうこう	고등학교	N5	
間	사이 간	カン	あいだ	時間	じかん	시간	N5	門 문 ＋ 日 해 → 문틈으로 새는 햇빛 → 사이\n※ 어원 아님 · 외우기용
話	말씀 화	ワ	はな(す)	電話	でんわ	전화	N5	
電	번개 전	デン	—	電車	でんしゃ	전철	N5	
聞	들을 문	ブン	き(く)	新聞	しんぶん	신문	N5	門 문 ＋ 耳 귀 → 문에 귀를 대고 듣다\n※ 어원 아님 · 외우기용
語	말씀 어	ゴ	かた(る)	日本語	にほんご	일본어	N5	
読	읽을 독	ドク	よ(む)	読む	よむ	읽다	N5	
生	날 생	セイ	う(まれる)・い(きる)	学生	がくせい	학생	N5	
書	글 서	ショ	か(く)	辞書	じしょ	사전	N5	
口	입 구	コウ	くち	入口	いりぐち	입구	N4	
手	손 수	シュ	て	手紙	てがみ	편지	N4	
目	눈 목	モク	め	目的	もくてき	목적	N4	
立	설 립	リツ	た(つ)	立場	たちば	입장	N4	
少	적을 소	ショウ	すく(ない)・すこ(し)	少年	しょうねん	소년	N4	
古	옛 고	コ	ふる(い)・ふる-	古い	ふるい	낡다	N4	
花	꽃 화	カ・ケ	はな	花瓶	かびん	꽃병	N4	
足	발 족	ソク	あし・た(りる)	不足	ふそく	부족	N4	
会	모일 회	カイ	あ(う)	会社	かいしゃ	회사	N4	亼 뚜껑 ＋ 그릇 → 뚜껑이 그릇에 맞물리다 → 모이다
多	많을 다	タ	おお(い)	多分	たぶん	아마	N4	夕 저녁 ＋ 夕 저녁 → 저녁이 거듭 쌓이다 → 많다
社	모일 사	シャ	やしろ	社会	しゃかい	사회	N4	
言	말씀 언	ゲン	い(う)・こと	言葉	ことば	말	N4	
空	빌 공	クウ	そら・あ(く)	空港	くうこう	공항	N4	
安	편안 안	アン	やす(い)	安全	あんぜん	안전	N4	宀 집 ＋ 女 여자 → 집 안에 있어 편안하다
店	가게 점	テン	みせ	店員	てんいん	점원	N4	
週	돌 주	シュウ	—	今週	こんしゅう	이번 주	N4	
魚	물고기 어	ギョ	うお・さかな	魚	さかな	물고기	N4	
買	살 매	バイ	か(う)	買う	かう	사다	N4	
道	길 도	ドウ	みち	道路	どうろ	도로	N4	
飲	마실 음	イン・オン	の(む)	飲む	のむ	마시다	N4	
新	새 신	シン	あたら(しい)	新聞	しんぶん	신문	N4	
駅	역 역	エキ	—	駅	えき	역	N4	
力	힘 력	リョク・リキ	ちから	体力	たいりょく	체력	N4	
工	장인 공	コウ・ク	—	工場	こうじょう	공장	N4	
夕	저녁 석	セキ	ゆう	夕方	ゆうがた	저녁 무렵	N4	
文	글월 문	ブン・モン	ふみ	文化	ぶんか	문화	N4	
犬	큰 개 견	ケン	いぬ・いぬ-	犬	いぬ	개	N4	
正	바를 정	セイ	ただ(しい)	正月	しょうがつ	정월	N4	一 목표 ＋ 止 발 → 목표를 향해 곧게 가다 → 바르다
田	밭 전	デン	た	田舎	いなか	시골	N4	
元	으뜸 원	ゲン・ガン	もと	元気	げんき	건강	N4	
切	끊을 절	セツ	き(る)	大切	たいせつ	소중	N4	
心	마음 심	シン	こころ	安心	あんしん	안심	N4	
方	모 방	ホウ	かた	方法	ほうほう	방법	N4	
牛	소 우	ギュウ	うし	牛乳	ぎゅうにゅう	우유	N4	
止	그칠 지	シ	と(まる)	中止	ちゅうし	중지	N4	
兄	맏이 형	ケイ・キョウ	あに	兄弟	きょうだい	형제	N4	
冬	겨울 동	トウ	ふゆ	冬	ふゆ	겨울	N4	
台	대 대	ダイ・タイ	—	台所	だいどころ	부엌	N4	
広	넓을 광	コウ	ひろ(い)	広告	こうこく	광고	N4	
用	쓸 용	ヨウ	もち(いる)	用意	ようい	준비	N4	
世	세상 세	セイ・セ	よ	世界	せかい	세계	N4	
主	주인 주	シュ	ぬし・おも	主人	しゅじん	남편	N4	
代	대신할 대	ダイ	か(わる)	時代	じだい	시대	N4	
写	베낄 사	シャ・ジャ	うつ(す)・うつ(る)	写真	しゃしん	사진	N4	
去	갈 거	キョ・コ	さ(る)	去年	きょねん	작년	N4	
字	글자 자	ジ	あざ・あざな	字引	じびき	사전	N4	
早	새벽 조	ソウ・サッ	はや(い)・はや	早い	はやい	이르다	N4	
町	마을 정	チョウ	まち	町長	ちょうちょう	읍장	N4	
赤	붉을 적	セキ・シャク	あか・あか-	赤い	あかい	빨갛다	N4	
不	아닐 불	フ	—	不便	ふべん	불편	N4	
仕	벼슬할 사	シ・ジ	つか(える)	仕事	しごと	일	N4	
同	같을 동	ドウ	おな(じ)	同じ	おなじ	같음	N4	
考	생각할 고	コウ	かんが(える)	参考	さんこう	참고	N4	
肉	고기 육	ニク	しし	牛肉	ぎゅうにく	소고기	N4	
自	스스로 자	ジ・シ	みずか(ら)	自分	じぶん	자기	N4	
色	빛 색	ショク・シキ	いろ	色々	いろいろ	여러 가지	N4	
体	몸 체	タイ	からだ	体力	たいりょく	체력	N4	亻 사람 ＋ 本 근본 → 사람의 근본 → 몸\n※ 어원 아님 · 외우기용
作	지을 작	サク・サ	つく(る)	作品	さくひん	작품	N4	
図	그림 도	ズ・ト	え・はか(る)	地図	ちず	지도	N4	
売	팔 매	バイ	う(る)	売店	ばいてん	매점	N4	
弟	아우 제	テイ・ダイ	おとうと	兄弟	きょうだい	형제	N4	
走	달릴 주	ソウ	はし(る)	走る	はしる	달리다	N4	
近	가까울 근	キン	ちか(い)	最近	さいきん	최근	N4	
青	푸를 청	セイ・ショウ	あお・あお-	青い	あおい	파랗다	N4	
音	소리 음	オン・イン	おと・ね	音楽	おんがく	음악	N4	
地	땅 지	チ・ジ	—	地図	ちず	지도	N4	
有	있을 유	ユウ	あ(る)	有名	ゆうめい	유명	N4	又 손 ＋ 月 고기 → 손에 고기를 쥐다 → 가지다
死	죽을 사	シ	し(ぬ)	死亡	しぼう	사망	N4	歹 앙상한 뼈 ＋ 匕 사람 → 죽다
京	서울 경	キョウ	—	東京	とうきょう	도쿄	N4	
夜	밤 야	ヤ	よ・よる	昨夜	ゆうべ	어젯밤	N4	
妹	누이 매	マイ	いもうと	妹	いもうと	여동생	N4	
姉	姊의 俗字	シ	あね・はは	姉	あね	누나·언니	N4	
明	밝을 명	メイ	あか(るい)	説明	せつめい	설명	N4	日 해 ＋ 月 달 → 밝다\n※ 어원 아님 · 외우기용
歩	걸을 보	ホ・ブ	ある(く)・あゆ(む)	散歩	さんぽ	산책	N4	
画	그림 화	ガ・カク	—	映画	えいが	영화	N4	
知	알 지	チ	し(る)	知識	ちしき	지식	N4	矢 화살 ＋ 口 입 → 화살처럼 곧바로 말하다 → 알다
室	집 실	シツ	むろ	教室	きょうしつ	교실	N4	
思	생각 사	シ	おも(う)	思想	しそう	사상	N4	囟 정수리 ＋ 心 마음 → 머리와 가슴으로 생각하다
海	바다 해	カイ	うみ	海外	かいがい	해외	N4	
茶	차풀 다	チャ・サ	—	お茶	おちゃ	차	N4	
以	써 이	イ	—	以上	いじょう	이상	N4	
夏	여름 하	カ・ガ	なつ	夏	なつ	여름	N4	
家	집 가	カ・ケ	いえ	家族	かぞく	가족	N4	宀 집 ＋ 豕 돼지 → 지붕 아래 가축을 기르다 → 집
紙	종이 지	シ	かみ	手紙	てがみ	편지	N4	
通	통할 통	ツウ	とお(る)・かよ(う)	交通	こうつう	교통	N4	
強	강할 강	キョウ	つよ(い)	勉強	べんきょう	공부	N4	
教	가르칠 교	キョウ	おし(える)	教室	きょうしつ	교실	N4	子 아이 ＋ 攵 회초리 → 아이를 이끌다 → 가르치다
理	다스릴 리	リ	—	料理	りょうり	요리	N4	
鳥	새 조	チョウ	とり	鳥	とり	새	N4	
黒	검을 흑	コク	くろ・くろ(ずむ)	黒い	くろい	검다	N4	
住	살 주	ジュウ	す(む)	住所	じゅうしょ	주소	N4	
医	의원 의	イ	—	医者	いしゃ	의사	N4	
究	궁구할 구	キュウ	きわ(める)	研究	けんきゅう	연구	N4	
者	놈 자	シャ	もの	医者	いしゃ	의사	N4	
研	갈 연	ケン	と(ぐ)	研究	けんきゅう	연구	N4	
場	마당 장	ジョウ	ば	場所	ばしょ	장소	N4	
朝	아침 조	チョウ	あさ	朝食	ちょうしょく	아침 식사	N4	
答	젖을 답	トウ	こた(える)・こた(え)	答える	こたえる	대답하다	N4	
楽	즐길 락	ガク・ラク	たの(しい)	音楽	おんがく	음악	N4	
事	일 사	ジ	こと	仕事	しごと	일	N4	
使	부릴 사	シ	つか(う)	使用	しよう	사용	N4	
始	비로소 시	シ	はじ(める)	開始	かいし	개시	N4	
服	옷 복	フク	—	洋服	ようふく	양복	N4	
物	물건 물	ブツ・モツ	もの	品物	しなもの	물건	N4	
屋	집 옥	オク	や	部屋	へや	방	N4	
度	법도 도	ド	たび	今度	こんど	이번	N4	
待	기다릴 대	タイ	ま(つ)	期待	きたい	기대	N4	
持	가질 지	ジ	も(つ)	気持ち	きもち	기분	N4	
界	지경 계	カイ	—	世界	せかい	세계	N4	
発	필 발	ハツ	—	発表	はっぴょう	발표	N4	
送	보낼 송	ソウ	おく(る)	送料	そうりょう	배송료	N4	
重	무거울 중	ジュウ	おも(い)	重要	じゅうよう	중요	N4	
起	일어날 기	キ	お(きる)	起床	きしょう	기상	N4	
院	집 원	イン	—	病院	びょういん	병원	N4	
終	마칠 종	シュウ	お(わる)	終電	しゅうでん	막차	N4	
習	익힐 습	シュウ・ジュ	なら(う)・なら(い)	練習	れんしゅう	연습	N4	
転	구를 전	テン	ころ(がる)	運転	うんてん	운전	N4	
運	옮길 운	ウン	はこ(ぶ)	運転	うんてん	운전	N4	
開	열 개	カイ	ひら(く)・あ(ける)	開店	かいてん	개점	N4	門 문 ＋ 빗장을 벗기는 두 손 → 열다
集	모을 집	シュウ	あつ(める)	集合	しゅうごう	집합	N4	隹 새 ＋ 木 나무 → 새가 나무에 모이다
業	업 업	ギョウ	わざ	工業	こうぎょう	공업	N4	
漢	한수 한	カン	—	漢字	かんじ	한자	N4	
歌	노래 가	カ	うた・うた(う)	歌う	うたう	노래하다	N4	
親	사랑할 친	シン	おや・おや-	両親	りょうしん	부모	N4	
病	병 병	ビョウ	や(む)	病気	びょうき	병	N4	
別	다를 별	ベツ	わか(れる)	特別	とくべつ	특별	N4	冎 뼈 ＋ 刂 칼 → 뼈를 칼로 발라내다 → 갈라놓다
注	물댈 주	チュウ	そそ(ぐ)・さ(す)	注射	ちゅうしゃ	주사	N4	
洋	큰 바다 양	ヨウ	—	洋服	ようふく	양복	N4	
特	특별할 특	トク	—	特別	とくべつ	특별	N4	
意	뜻 의	イ	—	意味	いみ	의미	N4	音 소리 ＋ 心 마음 → 마음속의 소리 → 뜻
味	맛 미	ミ	あじ・あじ(わう)	意味	いみ	의미	N4	
勉	힘쓸 면	ベン	つと(める)	勉強	べんきょう	공부	N4	
旅	군사 려	リョ	たび	旅行	りょこう	여행	N4	
員	인원 원	イン	—	店員	てんいん	점원	N4	
動	움직일 동	ドウ	うご(く)	運動	うんどう	운동	N4	
悪	악할 악	アク・オ	わる(い)・わる-	悪い	わるい	나쁘다	N4	
族	겨레 족	ゾク	—	家族	かぞく	가족	N4	
暑	더울 서	ショ	あつ(い)	暑い	あつい	덥다	N4	
着	붙을 착	チャク	き(る)・つ(く)	到着	とうちゃく	도착	N4	
野	들 야	ヤ	の	野菜	やさい	채소	N4	
風	바람 풍	フウ・フ	かぜ・かざ-	風邪	かぜ	감기	N4	
問	물을 문	モン	と(う)	問題	もんだい	문제	N4	
銀	은 은	ギン	しろがね	銀行	ぎんこう	은행	N4	
題	제목 제	ダイ	—	問題	もんだい	문제	N4	
館	객사 관	カン	やかた・たて	図書館	としょかん	도서관	N4	
料	헤아릴 료	リョウ	—	料金	りょうきん	요금	N4	米 쌀 ＋ 斗 되 → 쌀을 되로 되다 → 헤아리다
映	비칠 영	エイ	うつ(る)・うつ(す)	映画	えいが	영화	N4	
私	나 사	シ	わたし	私立	しりつ	사립	N4	
帰	돌아갈 귀	キ	かえ(る)・かえ(す)	帰る	かえる	돌아가다	N4	
春	봄 춘	シュン	はる	春	はる	봄	N4	
昼	낮 주	チュウ	ひる	昼	ひる	낮	N4	
秋	가을 추	シュウ	あき・とき	秋	あき	가을	N4	
計	셀 계	ケイ	はか(る)	時計	とけい	시계	N4	言 말 ＋ 十 열 → 말로 수를 세다
建	세울 건	ケン	た(てる)	建物	たてもの	건물	N4	
英	꽃부리 영	エイ	—	英語	えいご	영어	N4	
飯	밥 반	ハン	めし	夕飯	ゆうはん	저녁밥	N4	
曜	해 비칠 요	ヨウ	—	土曜日	どようび	토요일	N4	
品	물건 품	ヒン	しな	作品	さくひん	작품	N4	口 그릇 셋 → 물건이 여럿 쌓이다 → 물품
急	급할 급	キュウ	いそ(ぐ)	急行	きゅうこう	급행	N4	
真	참 진	シン	ま	写真	しゃしん	사진	N4	
堂	집 당	ドウ	—	食堂	しょくどう	식당	N4	
試	시험할 시	シ	ため(す)	試験	しけん	시험	N4	
借	빌 차	シャク	か(りる)	借りる	かりる	빌리다	N4	
験	시험 험	ケン	—	試験	しけん	시험	N4	
質	바탕 질	シツ	—	質問	しつもん	질문	N4	
貸	빌릴 대	タイ	か(す)・か(し-)	貸す	かす	빌려주다	N4	
公	공평할 공	コウ	おおやけ	公園	こうえん	공원	N4	八 등지다 ＋ 厶 사사로움 → 사사로움을 등지다 → 공평
耳	귀 이	ジ	みみ	耳	みみ	귀	N3	
太	클 태	タイ・タ	ふと(い)・ふと(る)	太い	ふとい	굵다	N3	
引	끌 인	イン	ひ(く)・ひ(ける)	字引	じびき	사전	N3	
市	저자 시	シ	いち	市民	しみん	시민	N3	
光	빛 광	コウ	ひか(る)・ひかり	光る	ひかる	빛나다	N3	
回	돌 회	カイ	まわ(る)	今回	こんかい	이번	N3	
声	소리 성	セイ・ショウ	こえ・こわ-	声	こえ	목소리	N3	
首	머리 수	シュ	くび	首	くび	목	N3	
民	백성 민	ミン	たみ	国民	こくみん	국민	N3	
所	바 소	ショ	ところ・どころ	台所	だいどころ	부엌	N3	
乗	탈 승	ジョウ・ショウ	の(る)・の(せる)	乗る	のる	타다	N3	
進	나아갈 진	シン	すす(む)	進歩	しんぽ	진보	N3	辶 가다 ＋ 隹 새 → 새는 뒤로 못 간다 → 나아가다
頭	머리 두	トウ・ズ	あたま・かしら	頭	あたま	머리	N3	
顔	顏과 同字	ガン	かお	顔	かお	얼굴	N3	
好	좋을 호	コウ	この(む)・す(く)	好き	すき	좋아함	N3	
便	편할 편	ベン・ビン	たよ(り)	便利	べんり	편리	N3	
働	일할 동	ドウ	はたら(く)	働く	はたらく	일하다	N3	
都	도읍 도	ト・ツ	みやこ	都市	とし	도시	N3	
寒	찰 한	カン	さむ(い)	寒い	さむい	춥다	N3	
合	합할 합	ゴウ	あ(う)	合格	ごうかく	합격	N3	
暗	어두울 암	アン	くら(い)・くら(む)	暗い	くらい	어둡다	N3	
遠	멀 원	エン・オン	とお(い)	遠い	とおい	멀다	N3	
薬	약 약	ヤク	くすり	薬	くすり	약	N3	
説	말씀 설	セツ・ゼイ	と(く)	小説	しょうせつ	소설	N3	
洗	조촐할 선	セン	あら(う)	洗う	あらう	씻다	N3	
産	낳을 산	サン	う(む)	生産	せいさん	생산	N3	
政	정사 정	セイ	まつりごと	政治	せいじ	정치	N3	
議	의논할 의	ギ	—	会議	かいぎ	회의	N3	
連	이을 련	レン	つら(なる)	連絡	れんらく	연락	N3	辶 가다 ＋ 車 수레 → 수레가 줄지어 가다 → 잇다
対	대할 대	タイ	—	対象	たいしょう	대상	N3	
部	떼 부	ブ	—	部長	ぶちょう	부장	N3	
内	안 내	ナイ	うち	案内	あんない	안내	N3	
相	서로 상	ソウ	あい	相談	そうだん	상담	N3	木 나무 ＋ 目 눈 → 나무를 눈으로 살피다 → 서로 마주보다
定	정할 정	テイ	さだ(める)	予定	よてい	예정	N3	
選	가릴 선	セン	えら(ぶ)	選手	せんしゅ	선수	N3	
米	쌀 미	ベイ・マイ	こめ・よね	米	こめ	쌀	N3	
実	열매 실	ジツ	み・みの(る)	実際	じっさい	실제	N3	
関	관계할 관	カン	せき	関係	かんけい	관계	N3	
決	결단할 결	ケツ	き(める)	決定	けってい	결정	N3	
全	온전할 전	ゼン	すべ(て)	全部	ぜんぶ	전부	N3	
表	겉 표	ヒョウ	おもて・あらわ(す)	発表	はっぴょう	발표	N3	
戦	싸울 전	セン	たたか(う)	戦争	せんそう	전쟁	N3	
経	지날 경	ケイ	へ(る)	経済	けいざい	경제	N3	
最	가장 최	サイ	もっと(も)	最近	さいきん	최근	N3	
現	나타날 현	ゲン	あらわ(れる)	現在	げんざい	현재	N3	
調	고를 조	チョウ	しら(べる)	調査	ちょうさ	조사	N3	
化	될 화	カ	ば(ける)	文化	ぶんか	문화	N3	亻 사람 ＋ 匕 거꾸로 선 사람 → 뒤바뀌다 → 되다
当	마땅 당	トウ	あ(たる)・あ(たり)	本当	ほんとう	정말	N3	
約	맺을 약	ヤク	—	約束	やくそく	약속	N3	
法	법 법	ホウ	—	方法	ほうほう	방법	N3	
性	성품 성	セイ	—	女性	じょせい	여성	N3	
的	과녁 적	テキ	まと	目的	もくてき	목적	N3	
要	요긴할 요	ヨウ	い(る)	重要	じゅうよう	중요	N3	
制	절제할 제	セイ	—	制度	せいど	제도	N3	
治	다스릴 치	ジ・チ	おさ(める)・おさ(まる)	政治	せいじ	정치	N3	
務	힘쓸 무	ム	つと(める)	事務	じむ	사무	N3	
成	이룰 성	セイ・ジョウ	な(る)	成功	せいこう	성공	N3	
期	기약할 기	キ・ゴ	—	予期	よき	예상	N3	
取	거둘 취	シュ	と(る)・と(り)	取る	とる	잡다·따다	N3	
和	화할 화	ワ・オ	やわ(らぐ)・やわ(らげる)	平和	へいわ	평화	N3	
機	틀 기	キ	はた	機会	きかい	기회	N3	
平	평탄할 평	ヘイ・ビョウ	たい(ら)・たい(らげる)	平仮名	ひらがな	히라가나	N3	
加	더할 가	カ	くわ(える)	参加	さんか	참가	N3	
受	받을 수	ジュ	う(ける)	受付	うけつけ	접수	N3	손 ＋ 손, 그 사이의 물건 → 주고받다
続	이을 속	ゾク・ショク	つづ(く)・つづ(ける)	続く	つづく	계속되다	N3	
保	지킬 보	ホ	たも(つ)	保存	ほぞん	보존	N3	
数	셈 수	スウ・ス	かず・かぞ(える)	数学	すうがく	수학	N3	
記	기록할 기	キ	しる(す)	日記	にっき	일기	N3	
初	처음 초	ショ	はじ(め)・はじ(めて)	初めて	はじめて	처음으로	N3	
指	가리킬 지	シ	ゆび・さ(す)	指定	してい	지정	N3	
権	권세 권	ケン	—	権利	けんり	권리	N3	
支	지탱할 지	シ	ささ(える)	支店	してん	지점	N3	
第	집 제	ダイ・テイ	—	次第	しだい	순서·나름	N3	
結	맺을 결	ケツ	むす(ぶ)	結婚	けっこん	결혼	N3	
点	點의 略字	テン	つ(ける)・つ(く)	交差点	こうさてん	교차로	N3	
報	갚을 보	ホウ	むく(いる)	報告	ほうこく	보고	N3	
済	건널 제	サイ	す(む)	経済	けいざい	경제	N3	
活	살 활	カツ	い(きる)・い(かす)	生活	せいかつする	생활	N3	
原	근본 원	ゲン	はら	原因	げんいん	원인	N3	
共	한가지 공	キョウ	とも	共通	きょうつう	공통	N3	
得	얻을 득	トク	え(る)	得意	とくい	잘함·자신 있음	N3	
解	풀 해	カイ	と(く)	解決	かいけつ	해결	N3	角 뿔 ＋ 刀 칼 ＋ 牛 소 → 소뿔을 칼로 발라내다 → 풀다
交	사귈 교	コウ	まじ(わる)・か(わす)	交通	こうつう	교통	N3	
資	재물 자	シ	—	資料	しりょう	자료	N3	
予	미리 예	ヨ	—	予約	よやく	예약	N3	
向	향할 향	コウ	む(く)・む(い)	向こう	むこう	건너편	N3	
際	사이 제	サイ	きわ	国際	こくさい	국제	N3	
勝	이길 승	ショウ	か(つ)・まさ(る)	勝つ	かつ	이기다	N3	
面	낯 면	メン・ベン	おも・おもて	面白い	おもしろい	재미있다	N3	
告	알릴 고	コク	つ(げる)	報告	ほうこく	보고	N3	
反	돌이킬 반	ハン	そ(る)	反対	はんたい	반대	N3	
判	판단할 판	ハン	—	判断	はんだん	판단	N3	
認	알 인	ニン	みと(める)	確認	かくにん	확인	N3	
参	참여할 참	サン	まい(る)	参加	さんか	참가	N3	
利	이로울 리	リ	き(く)	利用	りよう	이용	N3	
組	끈 조	ソ	く(む)・くみ	番組	ばんぐみ	방송 프로그램	N3	
案	책상 안	アン	—	提案	ていあん	제안	N3	
信	믿을 신	シン	—	信号	しんごう	신호	N3	亻 사람 ＋ 言 말 → 사람이 한 말 → 믿음
在	있을 재	ザイ	あ(る)	現在	げんざい	현재	N3	
件	사건 건	ケン	—	事件	じけん	사건	N3	
側	곁 측	ソク	がわ	両側	りょうがわ	양쪽	N3	
任	맡길 임	ニン	まか(せる)・まか(す)	責任	せきにん	책임	N3	
求	구할 구	キュウ	もと(める)	要求	ようきゅう	요구	N3	
次	버금 차	ジ・シ	つ(ぐ)・つぎ	次	つぎ	다음	N3	
昨	어제 작	サク	—	昨夜	ゆうべ	어젯밤	N3	
論	논할 론	ロン	—	議論	ぎろん	논의·토론	N3	
官	벼슬 관	カン	—	警官	けいかん	경찰관	N3	
増	더할 증	ゾウ	ふ(える)	増加	ぞうか	증가	N3	
係	맬 계	ケイ	かか(る)	関係	かんけい	관계	N3	
感	감동할 감	カン	—	感じ	かんじ	느낌	N3	
情	뜻 정	ジョウ	なさ(け)	情報	じょうほう	정보	N3	
投	던질 투	トウ	な(げる)	投げる	なげる	던지다	N3	
示	보일 시	ジ・シ	しめ(す)	表示	ひょうじ	표시	N3	
変	변할 변	ヘン	か(わる)	変化	へんか	변화	N3	
打	때릴 타	ダ・ダース	う(つ)・う(ち-)	打つ	うつ	치다	N3	
基	터 기	キ	もと・もとい	基本	きほん	기본	N3	
直	곧을 직	チョク・ジキ	ただ(ちに)・なお(す)	直す	なおす	고치다	N3	
両	두 량	リョウ	—	両方	りょうほう	양쪽·둘 다	N3	
価	값 가	カ	あたい	価格	かかく	가격	N3	
式	법 식	シキ	—	正式	せいしき	정식	N3	
確	굳을 확	カク	たし(か)	確認	かくにん	확인	N3	
果	실과 과	カ	は(たす)	結果	けっか	결과	N3	木 나무 ＋ 그 위에 열린 것 → 열매
容	얼굴 용	ヨウ	い(れる)	内容	ないよう	내용	N3	
必	반드시 필	ヒツ	かなら(ず)	必要	ひつよう	필요	N3	
応	응할 응	オウ	こた(える)	応援	おうえん	응원	N3	
演	펼칠 연	エン	—	公演	こうえん	공연	N3	
歳	해 세	サイ・セイ	とし・とせ	二十歳	はたち	스무 살	N3	
争	다툴 쟁	ソウ	あらそ(う)・いか(でか)	戦争	せんそう	전쟁	N3	
談	말씀 담	ダン	—	相談	そうだんする	상담	N3	
能	능할 능	ノウ	—	可能	かのう	가능	N3	
無	없을 무	ム・ブ	な(い)	無くす	なくす	잃다	N3	
位	벼슬 위	イ	くらい・ぐらい	位置	いち	위치	N3	
置	베풀 치	チ	お(く)	置く	おく	놓다	N3	
流	흐를 류	リュウ・ル	なが(れる)・なが(れ)	流す	ながす	흘리다	N3	
格	격식 격	カク	—	性格	せいかく	성격	N3	
疑	의심할 의	ギ	うたが(う)	疑う	うたがう	의심하다	N3	
過	지날 과	カ	す(ぎる)	過去	かこ	과거	N3	
局	부분 국	キョク	つぼね	郵便局	ゆうびんきょく	우체국	N3	
放	놓을 방	ホウ	はな(す)・はな(つ)	放送	ほうそうする	방송	N3	
検	검사할 검	ケン	しら(べる)	検査	けんさ	검사	N3	
常	항상 상	ジョウ	つね	日常	にちじょう	일상	N3	
状	형상 상	ジョウ	—	状況	じょうきょう	상황	N3	
球	옥경쇠 구	キュウ	たま	地球	ちきゅう	지구	N3	
職	직분 직	ショク	—	職業	しょくぎょう	직업	N3	
与	줄 여	ヨ	あた(える)	給与	きゅうよ	급여	N3	
供	이바지할 공	キョウ	そな(える)・とも	提供	ていきょう	제공	N3	
可	옳을 가	カ	—	可能	かのう	가능	N3	
役	부릴 역	ヤク	—	役割	やくわり	역할	N3	
構	집세울 구	コウ	かま(える)・かま(う)	結構	けっこう	충분함	N3	
割	벨 할	カツ	わ(る)	割合	わりあい	비율	N3	
身	몸 신	シン	み	中身	なかみ	내용물	N3	
費	쓸 비	ヒ	つい(やす)	消費	しょうひ	소비	N3	
付	줄 부	フ	つ(ける)・つ(け)	受付	うけつけ	접수처	N3	
由	말미암을 유	ユ・ユウ	よし	自由	じゆう	자유	N3	
難	어려울 난	ナン	むずか(しい)	難問	なんもん	어려운 문제	N3	
優	넉넉할 우	ユウ	やさ(しい)	優先	ゆうせん	우선	N3	
夫	지아비 부	フ・フウ	おっと・それ	丈夫	じょうぶ	튼튼함	N3	
収	거둘 수	シュウ	おさ(める)	収入	しゅうにゅう	수입	N3	
断	끊을 단	ダン	ことわ(る)・た(つ)	決断	けつだん	결단	N3	
石	돌 석	セキ・シャク	いし	石鹸	せっけん	비누	N3	
違	어길 위	イ	ちが(う)・ちが(い)	違う	ちがう	다르다	N3	
消	사라질 소	ショウ	け(す)	消費	しょうひ	소비	N3	
神	천신 신	シン・ジン	かみ・かん-	神社	じんじゃ	신사	N3	
番	차례 번	バン	—	番号	ばんごう	번호	N3	
規	법 규	キ	—	規模	きぼ	규모	N3	
術	재주 술	ジュツ	—	技術	ぎじゅつ	기술	N3	
展	펼칠 전	テン	—	展覧会	てんらんかい	전람회	N3	
備	갖출 비	ビ	そな(える)	準備	じゅんび	준비	N3	
宅	집 택	タク	—	自宅	じたく	자택	N3	
害	해할 해	ガイ	—	被害	ひがい	피해	N3	
配	아내 배	ハイ	くば(る)	心配	しんぱいする	걱정	N3	
条	가지 조	ジョウ	—	条件	じょうけん	조건	N3	
独	홀로 독	ドク・トク	ひと(り)	独り	ひとり	홀로	N3	
警	경계할 경	ケイ	—	警察	けいさつ	경찰	N3	
育	기를 육	イク	そだ(つ)・そだ(ち)	教育	きょういく	교육	N3	
席	자리 석	セキ	むしろ	出席	しゅっせきする	출석	N3	
訪	찾을 방	ホウ	おとず(れる)・たず(ねる)	訪ねる	たずねる	방문하다	N3	
残	남을 잔	ザン	のこ(る)	残業	ざんぎょう	야근	N3	
想	생각 상	ソウ・ソ	—	想像	そうぞう	상상	N3	
率	헤아릴 률	ソツ・リツ	ひき(いる)	率	りつ	비율	N3	
念	생각 념	ネン	—	残念	ざんねん	유감	N3	
助	도울 조	ジョ	たす(ける)	助手	じょしゅ	조수	N3	
労	일할 로	ロウ	ろう(する)・いたわ(る)	労働	ろうどう	노동	N3	
例	법식 례	レイ	たと(える)	例えば	たとえば	예를 들면	N3	
然	그럴 연	ゼン・ネン	—	自然	しぜん	자연	N3	
張	베풀 장	チョウ	は(る)	頑張る	がんばる	힘내다	N3	
限	한할 한	ゲン	かぎ(る)	制限	せいげん	제한	N3	
環	고리 환	カン	—	環境	かんきょう	환경	N3	
追	쫓을 추	ツイ	お(う)	追う	おう	쫓다	N3	
商	헤아릴 상	ショウ	あきな(う)	商人	しょうにん	상인	N3	
葉	고을이름 섭	ヨウ	は	葉書	はがき	엽서	N3	
伝	전할 전	デン・テン	つた(わる)・つた(える)	伝える	つたえる	전하다	N3	
形	모양 형	ケイ・ギョウ	かた・かたち	人形	にんぎょう	인형	N3	
景	별 경	ケイ	—	景色	けしき	경치	N3	
落	떨어질 낙	ラク	お(ちる)・お(ち)	落す	おとす	떨어뜨리다	N3	
退	물러갈 퇴	タイ	しりぞ(く)・しりぞ(ける)	退院	たいいんする	퇴원	N3	
負	질 부	フ	ま(ける)・ま(かす)	負ける	まける	지다	N3	
渡	건널 도	ト	わた(る)・わた(す)	渡す	わたす	건네다	N3	
失	잃을 실	シツ	うしな(う)	失敗	しっぱい	실패	N3	
差	다를 차	サ	さ(す)	差別	さべつ	차별	N3	
評	평할 평	ヒョウ	—	評価	ひょうか	평가	N3	
末	끝 말	マツ・バツ	すえ・うら	粗末	そまつ	조잡함	N3	
守	지킬 수	シュ・ス	まも(る)	留守	るす	부재중	N3	
若	땅이름 야	ジャク・ニャク	わか(い)・わか-	若い	わかい	젊다	N3	
種	씨 종	シュ	たね	一種	いっしゅ	일종	N3	
美	아름다울 미	ビ・ミ	うつく(しい)	美味しい	おいしい	맛있다	N3	
命	목숨 명	メイ・ミョウ	いのち	一生懸命	いっしょうけんめい	열심히	N3	
福	복 복	フク	—	幸福	こうふく	행복	N3	
望	바랄 망	ボウ	のぞ(む)	望遠鏡	ぼうえんきょう	망원경	N3	
非	아닐 비	ヒ	—	非常	ひじょう	비상	N3	
観	볼 관	カン	み(る)・しめ(す)	観光	かんこう	관광	N3	
察	살필 찰	サツ	—	観察	かんさつ	관찰	N3	
整	가지런할 정	セイ	ととの(える)・ととの(う)	整理	せいり	정리	N3	
段	층계 단	ダン	—	階段	かいだん	계단	N3	
横	가로 횡	オウ	よこ	横	よこ	옆	N3	
深	깊을 심	シン	ふか(い)・ふか(まる)	深い	ふかい	깊다	N3	
製	지을 제	セイ	—	製品	せいひん	제품	N3	
申	펼 신	シン	もう(す)・もう(し-)	申す	もうす	말씀드리다	N3	
様	모양 양	ヨウ	さま	様子	ようす	모습	N3	
財	재물 재	ザイ・サイ	たから	財布	さいふ	지갑	N3	
港	물 갈라질 항	コウ	みなと	空港	くうこう	공항	N3	
識	알 식	シキ	—	知識	ちしき	지식	N3	
呼	부를 호	コ	よ(ぶ)	呼ぶ	よぶ	부르다	N3	
達	통달할 달	タツ・ダ	—	友達	ともだち	친구	N3	
良	좋을 량	リョウ	よ(い)・い(い)	良い	よい	좋다	N3	
候	물을 후	コウ	そうろう	候補	こうほ	후보	N3	
程	한도 정	テイ	ほど	程度	ていど	정도	N3	
満	찰 만	マン・バン	み(ちる)・み(つ)	不満	ふまん	불만	N3	
敗	패할 패	ハイ	やぶ(れる)	敗北	はいぼく	패배	N3	
値	값 치	チ	ね・あたい	価値	かち	가치	N3	
突	부딪칠 돌	トツ・カ	つ(く)	突く	つく	찌르다	N3	
器	그릇 기	キ	うつわ	食器	しょっき	식기	N3	
路	길 노	ロ・ル	みち	道路	どうろ	도로	N3	
科	과정 과	カ	—	科学	かがく	과학	N3	
授	줄 수	ジュ	さず(ける)	教授	きょうじゅ	교수	N3	
積	쌓을 적	セキ	つ(む)	面積	めんせき	면적	N3	
他	다를 타	タ	ほか	他人	たにん	타인	N3	
処	곳 처	ショ	ところ・お(る)	処理	しょり	처리	N3	
客	손님 객	キャク・カク	—	客	きゃく	손님	N3	
否	아닐 부	ヒ	いな	否定	ひてい	부정	N3	
師	스승 사	シ	いくさ	医師	いし	의사	N3	
登	오를 등	トウ・ト	のぼ(る)・あ(がる)	登る	のぼる	오르다	N3	
批	칠 비	ヒ	—	批判	ひはん	비판	N3	
易	쉬울 이	エキ・イ	やさ(しい)	貿易	ぼうえき	무역	N3	
健	굳셀 건	ケン	すこ(やか)	健康	けんこう	건강	N3	
速	빠를 속	ソク	はや(い)・はや-	速い	はやい	빠르다	N3	
存	있을 존	ソン・ゾン	—	存在	そんざい	존재	N3	
飛	날 비	ヒ	と(ぶ)・と(ばす)	飛ぶ	とぶ	날다	N3	
殺	죽일 살	サツ・サイ	ころ(す)・そ(ぐ)	殺す	ころす	죽이다	N3	
号	이름 호	ゴウ	さけ(ぶ)・よびな	番号	ばんごう	번호	N3	
単	홑 단	タン	ひとえ	簡単	かんたん	간단함	N3	
座	자리 좌	ザ	すわ(る)	座る	すわる	앉다	N3	
破	깨뜨릴 파	ハ	やぶ(る)・やぶ(れる)	破る	やぶる	찢다	N3	
除	섬돌 제	ジョ・ジ	のぞ(く)	掃除	そうじ	청소	N3	
完	완전할 완	カン	—	完了	かんりょう	완료	N3	
降	내릴 강	コウ・ゴ	お(りる)・お(ろす)	降る	ふる	내리다	N3	
責	꾸짖을 책	セキ	せ(める)	責任	せきにん	책임	N3	
修	닦을 수	シュウ	おさ(める)	修理	しゅうり	수리	N3	
捕	사로잡을 포	ホ	と(らえる)・と(らわれる)	捕まえる	つかまえる	붙잡다	N3	
危	위태할 위	キ	あぶ(ない)・あや(うい)	危ない	あぶない	위험하다	N3	
拡	넓힐 확	カク・コウ	ひろ(がる)・ひろ(げる)	拡大	かくだい	확대	N3	
故	옛 고	コ	ゆえ・ふる(い)	事故	じこ	사고	N3	
給	넉넉할 급	キュウ	たま(う)・たも(う)	供給	きょうきゅう	공급	N3	
苦	쓸 고	ク	くる(しい)・くる(しむ)	苦い	にがい	쓰다	N3	
迎	맞을 영	ゲイ	むか(える)	迎える	むかえる	맞이하다	N3	
園	동산 원	エン	その	公園	こうえん	공원	N3	
具	갖출 구	グ	—	道具	どうぐ	도구	N3	
異	다를 리	イ	こと・こと(なる)	異動	いどう	인사이동	N3	
辞	말씀 사	ジ	や(める)・いな(む)	辞書	じしょ	사전	N3	
因	인할 인	イン	よ(る)・ちな(む)	原因	げんいん	원인	N3	
馬	말 마	バ・メ	うま・ま	馬鹿	ばか	바보	N3	
愛	사랑 애	アイ	いと(しい)・かな(しい)	可愛い	かわいい	귀엽다	N3	
富	부유할 부	フ	と(む)	豊富	ほうふ	풍부	N3	
彼	저 피	ヒ	かれ・かの	彼ら	かれら	그들	N3	
未	아닐 미	ミ	—	未来	みらい	미래	N3	
舞	춤출 무	ブ	ま(う)・まい	お見舞い	おみまい	병문안	N3	
亡	망할 망	ボウ・モウ	な(い)・な(き-)	亡くなる	なくなる	돌아가시다	N3	
冷	찰 랭	レイ	つめ(たい)	冷凍	れいとう	냉동	N3	
適	맞갖을 적	テキ	かな(う)	適当	てきとう	적당함	N3	
婦	며느리 부	フ	よめ	看護婦	かんごふ	간호사	N3	
寄	부칠 기	キ	よ(る)・よ(せる)	寄る	よる	들르다	N3	
込	넣을 입	—	こ(む)・こ(み)	込む	こむ	붐비다	N3	
類	무리 류	ルイ	たぐ(い)	書類	しょるい	서류	N3	
余	자기 여	ヨ	あま(る)・あま(り)	余り	あまり	그다지	N3	
王	임금 왕	オウ・-ノウ	—	女王	じょおう	여왕	N3	
返	돌이킬 반	ヘン	かえ(す)・かえ(る)	返す	かえす	돌려주다	N3	
標	표할 표	ヒョウ	—	目標	もくひょう	목표	N3	
妻	아내 처	サイ	つま	妻	つま	아내	N3	
背	등 배	ハイ	せ・せい	背広	せびろ	양복	N3	
熱	뜨거울 열	ネツ	あつ(い)	熱い	あつい	뜨겁다	N3	
宿	잘 숙	シュク	やど	宿題	しゅくだい	숙제	N3	
険	험할 험	ケン	けわ(しい)	危険	きけん	위험	N3	
頼	의뢰할 뢰	ライ	たの(む)・たの(もしい)	頼む	たのむ	부탁하다	N3	
覚	깨달을 각	カク	おぼ(える)・さ(ます)	覚える	おぼえる	외우다	N3	
船	배 선	セン	ふね・ふな-	船便	ふなびん	배편	N3	
途	길 도	ト	みち	途中	とちゅう	도중	N3	
許	허락할 허	キョ	ゆる(す)	許可	きょか	허가	N3	
抜	뽑을 발	バツ・ハツ	ぬ(く)・ぬ(き)	抜く	ぬく	뽑다	N3	
留	머무를 류	リュウ・ル	と(める)・と(まる)	留学生	りゅうがくせい	유학생	N3	
罪	허물 죄	ザイ	つみ	犯罪	はんざい	범죄	N3	
努	힘쓸 노	ド	つと(める)	努力	どりょく	노력	N3	
精	정교할 정	セイ・ショウ	しら(げる)・くわ(しい)	精々	せいぜい	기껏해야	N3	
散	흩을 산	サン	ち(る)・ち(らす)	散歩	さんぽ	산책	N3	
静	고요할 정	セイ・ジョウ	しず-・しず(か)	静か	しずか	조용함	N3	
婚	혼인할 혼	コン	—	結婚	けっこん	결혼	N3	
喜	기뻐할 희	キ	よろこ(ぶ)・よろこ(ばす)	喜ぶ	よろこぶ	기뻐하다	N3	
浮	뜰 부	フ	う(く)・う(かれる)	浮く	うく	뜨다	N3	
絶	絕과 同字	ゼツ	た(える)・た(やす)	絶対	ぜったい	절대	N3	
幸	다행 행	コウ	しあわ(せ)	幸福	こうふく	행복	N3	
押	수결 둘 압	オウ	お(す)・お(し-)	押す	おす	밀다	N3	
倒	넘어질 도	トウ	たお(れる)・たお(す)	倒れる	たおれる	쓰러지다	N3	
等	가지런할 등	トウ	ひと(しい)・など	上等	じょうとう	고급	N3	
老	늙을 노	ロウ	お(いる)・ふ(ける)	老い	おい	늙음	N3	
曲	굽을 곡	キョク	ま(がる)・ま(げる)	曲る	まがる	굽다	N3	
払	떨칠 불	フツ・ヒツ	はら(う)	払う	はらう	지불하다	N3	
庭	뜰 정	テイ	にわ	家庭	かてい	가정	N3	
徒	무리 도	ト	いたずら・あだ	生徒	せいと	학생	N3	
勤	부지런할 근	キン・ゴン	つと(める)・つと(まる)	勤める	つとめる	근무하다	N3	
遅	더딜 지	チ	おく(れる)・おく(らす)	遅い	おそい	늦다	N3	
居	살 거	キョ・コ	い(る)・お(る)	居る	いる	있다	N3	
雑	섞일 잡	ザツ・ゾウ	まじ(える)・まじ(る)	雑誌	ざっし	잡지	N3	
招	부를 초	ショウ	まね(く)	招待	しょうたいする	초대	N3	
困	곤할 곤	コン	こま(る)	困難	こんなん	곤란	N3	
欠	하품 흠	ケツ・ケン	か(ける)・か(く)	欠く	かく	빠뜨리다	N3	
更	다시 갱	コウ	さら・さら(に)	変更	へんこう	변경	N3	
刻	새길 각	コク	きざ(む)・きざ(み)	時刻	じこく	시각	N3	
賛	도울 찬	サン	—	賛成	さんせい	찬성	N3	
抱	안을 포	ホウ	だ(く)・いだ(く)	抱く	いだく	안다	N3	
犯	범할 범	ハン	おか(す)	犯人	はんにん	범인	N3	
恐	두려울 공	キョウ	おそ(れる)・おそ(る)	恐怖	きょうふ	공포	N3	
息	숨쉴 식	ソク	いき	息子	むすこ	아들	N3	
戻	돌아올 려	レイ	もど(す)・もど(る)	戻る	もどる	돌아오다	N3	
願	원할 원	ガン	ねが(う)	お願い	おねがい	부탁	N3	
絵	그림 회	カイ・エ	—	絵	え	그림	N3	
越	넘을 월	エツ・オツ	こ(す)・こ(える)	引っ越す	ひっこす	이사하다	N3	
欲	욕심낼 욕	ヨク	ほっ(する)・ほ(しい)	欲しい	ほしい	갖고 싶다	N3	
痛	아플 통	ツウ	いた(い)・いた(む)	痛い	いたい	아프다	N3	
笑	웃음 소	ショウ	わら(う)・え(む)	笑う	わらう	웃다	N3	
互	서로 호	ゴ	たが(い)	お互い	おたがい	서로	N3	
束	묶을 속	ソク	たば	花束	はなたば	꽃다발	N3	
似	같을 사	ジ	に(る)・ひ(る)	似る	にる	닮다	N3	
列	줄 렬	レツ・レ	—	列車	れっしゃ	열차	N3	
探	더듬을 탐	タン	さぐ(る)・さが(す)	探す	さがす	찾다	N3	
逃	달아날 도	トウ	に(げる)・に(がす)	逃げる	にげる	도망치다	N3	
遊	놀 유	ユウ・ユ	あそ(ぶ)・あそ(ばす)	遊ぶ	あそぶ	놀다	N3	
迷	미혹할 미	メイ	まよ(う)	迷う	まよう	헤매다	N3	
夢	꿈 몽	ム・ボウ	ゆめ・ゆめ(みる)	夢	ゆめ	꿈	N3	
君	임금 군	クン	きみ	君	きみ	너	N3	
閉	닫을 폐	ヘイ	と(じる)・と(ざす)	閉まる	しまる	닫히다	N3	
緒	실마리 서	ショ・チョ	お・いとぐち	一緒	いっしょ	함께	N3	
折	꺾을 절	セツ・シャク	お(る)・おり	折る	おる	접다	N3	
草	풀 초	ソウ	くさ・くさ-	草	くさ	풀	N3	
暮	저물 모	ボ	く(れる)・く(らす)	暮れる	くれる	저물다	N3	
酒	술 주	シュ	さけ・さか-	お酒	おさけ	술	N3	
悲	슬플 비	ヒ	かな(しい)・かな(しむ)	悲しい	かなしい	슬프다	N3	
晴	갤 청	セイ	は(れる)・は(れ)	晴れ	はれ	맑음	N3	
到	이를 도	トウ	いた(る)	到着	とうちゃく	도착	N3	
寝	잘 침	シン	ね(る)・ね(かす)	寝る	ねる	자다	N3	
盗	훔칠 도	トウ	ぬす(む)・ぬす(み)	盗む	ぬすむ	훔치다	N3	
吸	숨 들이쉴 흡	キュウ	す(う)	吸う	すう	들이마시다	N3	
陽	볕 양	ヨウ	ひ	太陽	たいよう	태양	N3	
御	거느릴 어	ギョ・ゴ	おん-・お-	御飯	ごはん	밥	N3	
歯	이 치	シ	よわい・は	歯	は	이	N3	
忘	잊을 망	ボウ	わす(れる)	忘れる	わすれる	잊다	N3	
雪	눈 설	セツ	ゆき	雪	ゆき	눈	N3	
吹	불 취	スイ	ふ(く)	吹く	ふく	불다	N3	
娘	아가씨 낭	ジョウ	むすめ・こ	娘	むすめ	딸	N3	
誤	그릇할 오	ゴ	あやま(る)	誤り	あやまり	잘못	N3	
慣	버릇 관	カン	な(れる)・な(らす)	習慣	しゅうかん	습관	N3	
礼	예도 례	レイ・ライ	—	お礼	おれい	사례	N3	
窓	창 창	ソウ・ス	まど・てんまど	窓	まど	창문	N3	
昔	옛 석	セキ・シャク	むかし	昔	むかし	옛날	N3	
貧	가난할 빈	ヒン・ビン	まず(しい)	貧乏	びんぼう	가난	N3	
怒	성낼 노	ド・ヌ	いか(る)・おこ(る)	怒る	おこる	화내다	N3	
泳	헤엄칠 영	エイ	およ(ぐ)	泳ぐ	およぐ	헤엄치다	N3	
祖	조상 조	ソ	—	祖母	そぼ	할머니	N3	
杯	잔 배	ハイ	さかずき	一杯	いっぱい	가득	N3	
疲	피곤할 피	ヒ	つか(れる)・つか(らす)	疲れる	つかれる	지치다	N3	
皆	모두 개	カイ	みな・みんな	皆さん	みなさん	여러분	N3	
鳴	울 명	メイ	な(く)・な(る)	鳴く	なく	울다	N3	
腹	배 복	フク	はら	お腹	おなか	배	N3	
煙	연기 연	エン	けむ(る)・けむり	禁煙	きんえん	금연	N3	
眠	잠잘 면	ミン	ねむ(る)・ねむ(い)	眠い	ねむい	졸리다	N3	
怖	두려울 포	フ・ホ	こわ(い)・こわ(がる)	怖い	こわい	무섭다	N3	
頂	이마 정	チョウ	いただ(く)・いただき	頂上	ちょうじょう	정상	N3	
箱	상자 상	ソウ	はこ	箱	はこ	상자	N3	
晩	저물 만	バン	—	今晩	こんばん	오늘 밤	N3	
髪	터럭 발	ハツ	かみ	髪	かみ	머리카락	N3	
忙	바쁠 망	ボウ・モウ	いそが(しい)・せわ(しい)	忙しい	いそがしい	바쁘다	N3	
才	재주 재	サイ	—	才能	さいのう	재능	N3	
靴	신 화	カ	くつ	靴下	くつした	양말	N3	
恥	부끄럼 치	チ	は(じる)・はじ	恥ずかしい	はずかしい	부끄럽다	N3	
偶	짝지울 우	グウ	たま	偶々	たまたま	우연히	N3	
偉	클 위	イ	えら(い)	偉大	いだい	위대함	N3	
猫	고양이 묘	ビョウ	ねこ	猫	ねこ	고양이	N3	
掛	걸 괘	カイ・ケイ	か(ける)・か(け)	掛け算	かけざん	곱셈	N3	
幾	몇 기	キ	いく-・いく(つ)	幾つ	いくつ	몇 개	N3	
村	마을 촌	ソン	むら	村	むら	마을	N2	
池	못 지	チ	いけ	池	いけ	연못	N2	
林	수풀 림	リン	はやし	林	はやし	수풀	N2	
弱	약할 약	ジャク	よわ(い)・よわ(る)	弱い	よわい	약하다	N2	
森	나무빽빽할 삼	シン	もり	森	もり	숲	N2	
県	고을 현	ケン	か(ける)	県	けん	현	N2	
軽	가벼울 경	ケイ・キョウ	かる(い)・かろ(やか)	軽い	かるい	가볍다	N2	
低	낮을 저	テイ	ひく(い)・ひく(める)	低い	ひくい	낮다	N2	
短	짧을 단	タン	みじか(い)	短い	みじかい	짧다	N2	
区	구역 구	ク・オウ	—	区別	くべつ	구별	N2	
門	문 문	モン	かど・と	門	もん	문	N2	
菜	나물 채	サイ	な	野菜	やさい	채소	N2	
党	黨의 略字	トウ	なかま・むら	野党	やとう	야당	N2	
協	조화할 협	キョウ	—	協力	きょうりょく	협력	N2	
総	다 총	ソウ	す(べて)・すべ(て)	総理大臣	そうりだいじん	총리	N2	
領	거느릴 령	リョウ	—	領収書	りょうしゅうしょ	영수증	N2	
設	베풀 설	セツ	もう(ける)	施設	しせつ	시설	N2	
改	고칠 개	カイ	あらた(める)・あらた(まる)	改善	かいぜん	개선	N2	
府	곳집 부	フ	—	政府	せいふ	정부	N2	
査	사실할 사	サ	—	捜査	そうさ	수사	N2	
委	맡길 위	イ	ゆだ(ねる)	委員	いいん	위원	N2	
軍	군사 군	グン	いくさ	軍隊	ぐんたい	군대	N2	
団	둥글 단	ダン・トン	かたまり・まる(い)	布団	ふとん	이불	N2	
各	각각 각	カク	おのおの	各自	かくじ	각자	N2	
島	섬 도	トウ	しま	島	しま	섬	N2	
革	가죽 혁	カク	かわ	革	かわ	가죽	N2	
勢	형세 세	セイ	いきお(い)	姿勢	しせい	자세	N2	
減	덜 감	ゲン	へ(る)	減少	げんしょう	감소	N2	
再	두 번 재	サイ・サ	ふたた(び)	再来月	さらいげつ	다다음 달	N2	
税	세금 세	ゼイ	—	税金	ぜいきん	세금	N2	
営	경영할 영	エイ	いとな(む)	営業	えいぎょう	영업	N2	
比	견줄 비	ヒ	くら(べる)	比べる	くらべる	비교하다	N2	
防	막을 방	ボウ	ふせ(ぐ)	予防	よぼう	예방	N2	
補	기울 보	ホ	おぎな(う)	候補	こうほ	후보	N2	
境	지경 경	キョウ	さかい	環境	かんきょう	환경	N2	
導	인도할 도	ドウ	みちび(く)	指導	しどう	지도	N2	
副	버금 부	フク	—	副詞	ふくし	부사	N2	
算	셀 산	サン	そろ	予算	よさん	예산	N2	
輸	보낼 수	ユ	—	輸出	ゆしゅつ	수출	N2	
述	이을 술	ジュツ	の(べる)	述べる	のべる	진술하다	N2	
線	실 선	セン	すじ	線	せん	선	N2	
農	농사 농	ノウ	—	農家	のうか	농가	N2	
州	고을 주	シュウ・ス	す	州	しゅう	주	N2	
武	굳셀 무	ブ・ム	たけ・たけ(し)	武器	ぶき	무기	N2	
象	코끼리 상	ショウ	—	印象	いんしょう	인상	N2	
域	지경 역	イキ	—	地域	ちいき	지역	N2	
額	이마 액	ガク	ひたい	金額	きんがく	금액	N2	
欧	유럽 구	オウ	うた(う)・は(く)	欧米	おうべい	서양	N2	
担	원숭이 같은 짐승 단	タン	かつ(ぐ)・にな(う)	担当	たんとう	담당	N2	
準	준할 준	ジュン	—	標準	ひょうじゅん	표준	N2	
賞	상줄 상	ショウ	—	賞金	しょうきん	상금	N2	
辺	가 변	ヘン	あた(り)・ほと(り)	辺	へん	근처	N2	
造	지을 조	ゾウ	つく(る)	製造	せいぞう	제조	N2	
被	이불 피	ヒ	こうむ(る)・おお(う)	被る	かぶる	쓰다	N2	
技	재주 기	ギ	わざ	競技	きょうぎ	경기	N2	
復	돌아올 복	フク	また	復習	ふくしゅう	복습	N2	
移	옮길 이	イ	うつ(る)	移動	いどう	이동	N2	
個	낱 개	コ	—	個人	こじん	개인	N2	
課	공부할 과	カ	—	課題	かだい	과제	N2	
脳	뇌 뇌	ノウ・ドウ	のうずる	脳	のう	뇌	N2	
極	다할 극	キョク・ゴク	きわ(める)	積極的	せっきょくてき	적극적	N2	
含	머금을 함	ガン	ふく(む)・ふく(める)	含む	ふくむ	포함하다	N2	
蔵	감출 장	ゾウ	くら	冷蔵庫	れいぞうこ	냉장고	N2	
量	헤아릴 량	リョウ	はか(る)	量る	はかる	재다	N2	
型	거푸집 형	ケイ	かた	典型	てんけい	전형	N2	
況	하물며 황	キョウ	—	状況	じょうきょう	상황	N2	
針	바늘 침	シン	はり	針	はり	바늘	N2	
専	오로지 전	セン	もっぱ(ら)	専門	せんもん	전문	N2	
谷	골짜기 곡	コク	たに・きわ(まる)	谷	たに	골짜기	N2	
史	역사 사	シ	—	歴史	れきし	역사	N2	
階	섬돌 계	カイ	きざはし	階段	かいだん	계단	N2	
管	피리 관	カン	くだ	管理	かんり	관리	N2	
兵	군사 병	ヘイ・ヒョウ	つわもの	兵隊	へいたい	병사	N2	
接	사귈 접	セツ・ショウ	つ(ぐ)	接ぐ	つぐ	잇다	N2	
細	가늘 세	サイ	ほそ(い)・ほそ(る)	細い	ほそい	가늘다	N2	
効	본받을 효	コウ	き(く)	効果	こうか	효과	N2	
丸	알 환	ガン	まる・まる(める)	丸	まる	동그라미	N2	
湾	물굽이 만	ワン	いりえ	湾	わん	만	N2	
録	기록할 록	ロク	しる(す)・と(る)	記録	きろく	기록	N2	
省	덜 생	セイ・ショウ	かえり(みる)・はぶ(く)	反省	はんせい	반성	N2	
旧	예 구	キュウ	ふる(い)・もと	旧	きゅう	옛	N2	
橋	다리 교	キョウ	はし	橋	はし	다리	N2	
岸	물가 언덕 안	ガン	きし	海岸	かいがん	해안	N2	
周	두루 주	シュウ	まわ(り)	周り	まわり	주위	N2	
材	재목 재	ザイ	—	材料	ざいりょう	재료	N2	
戸	집 호	コ	と	戸	と	문	N2	
央	가운데 앙	オウ	—	中央	ちゅうおう	중앙	N2	
券	엄쪽(어음을 쪼갠 한 쪽) 권	ケン	—	券	けん	표	N2	
編	책편 편	ヘン	あ(む)	短編	たんぺん	단편	N2	
捜	찾을 수	ソウ・シュ	さが(す)	捜査	そうさ	수사	N2	
竹	대 죽	チク	たけ	竹	たけ	대나무	N2	
超	뛰어넘을 초	チョウ	こ(える)・こ(す)	超す	こす	넘다	N2	
並	竝과 同字	ヘイ・ホウ	な(み)・なみ	並ぶ	ならぶ	늘어서다	N2	
療	병고칠 료	リョウ	—	医療	いりょう	의료	N2	
採	캘 채	サイ	と(る)	採集	さいしゅう	채집	N2	
競	겨룰 경	キョウ・ケイ	きそ(う)・せ(る)	競争	きょうそう	경쟁	N2	
介	낄 개	カイ	—	紹介	しょうかい	소개	N2	
根	뿌리 근	コン	ね	屋根	やね	지붕	N2	
販	팔 판	ハン	—	販売	はんばい	판매	N2	
歴	지날 력	レキ・レッキ	—	歴史	れきし	역사	N2	
将	장수 장	ショウ・ソウ	まさ(に)・はた	将来	しょうらい	장래	N2	
幅	폭 폭	フク	はば	幅	はば	폭	N2	
般	옮길 반	ハン	—	一般	いっぱん	일반	N2	
貿	무역할 무	ボウ	—	貿易	ぼうえき	무역	N2	
講	외울 강	コウ	—	講義	こうぎ	강의	N2	
装	裝의 俗字	ソウ・ショウ	よそお(う)・よそお(い)	包装	ほうそう	포장	N2	
諸	모든 제	ショ	もろ	諸国	しょこく	여러 나라	N2	
劇	심할 극	ゲキ	—	劇場	げきじょう	극장	N2	
河	물 하	カ	かわ	河	かわ	강	N2	
航	쌍배 항	コウ	—	航海	こうかい	항해	N2	
鉄	쇠 철	テツ	くろがね	地下鉄	ちかてつ	지하철	N2	
児	아이 아	ジ・ニ	こ	児童	じどう	아동	N2	
禁	금할 금	キン	—	禁止	きんし	금지	N2	
印	도장 인	イン	しるし	印象	いんしょう	인상	N2	
逆	거스를 역	ギャク・ゲキ	さか・さか(さ)	逆	ぎゃく	반대	N2	
換	바꿀 환	カン	か(える)	交換	こうかん	교환	N2	
久	오랠 구	キュウ・ク	ひさ(しい)	久しぶり	ひさしぶり	오랜만	N2	
油	기름 유	ユ・ユウ	あぶら	醤油	しょうゆ	간장	N2	
暴	사나울 포	ボウ・バク	あば(く)・あば(れる)	乱暴	らんぼう	난폭함	N2	
輪	바퀴 륜	リン	わ	指輪	ゆびわ	반지	N2	
占	점칠 점	セン	し(める)・うらな(う)	占める	しめる	차지하다	N2	
植	심을 식	ショク	う(える)・う(わる)	植える	うえる	심다	N2	
清	맑을 청	セイ・ショウ	きよ(い)・きよ(まる)	清む	すむ	맑아지다	N2	
倍	곱 배	バイ	—	倍	ばい	배	N2	
均	고를 균	キン	なら(す)	平均	へいきん	평균	N2	
億	억 억	オク	—	億	おく	억	N2	
圧	누를 압	アツ・エン	お(す)・へ(す)	圧縮	あっしゅく	압축	N2	
芸	재주 예	ゲイ	—	芸術	げいじゅつ	예술	N2	
署	관청 서	ショ	—	署名	しょめい	서명	N2	
伸	펼 신	シン	の(びる)・の(ばす)	伸ばす	のばす	늘이다	N2	
停	머무를 정	テイ	と(める)・と(まる)	停電	ていでん	정전	N2	
爆	불터질 폭	バク	は(ぜる)	爆発	ばくはつ	폭발	N2	
陸	뭍 륙	リク・ロク	おか	大陸	たいりく	대륙	N2	
玉	구슬 옥	ギョク	たま・たま-	玉	たま	구슬	N2	
波	물결 파	ハ	なみ	波	なみ	파도	N2	
帯	띠 대	タイ	お(びる)・おび	一帯	いったい	일대	N2	
延	미칠 연	エン	の(びる)・の(べる)	延期	えんき	연기	N2	
羽	깃 우	ウ	は・わ	羽根	はね	깃털	N2	
固	굳을 고	コ	かた(める)・かた(まる)	固まる	かたまる	굳다	N2	
則	법칙 칙	ソク	—	規則	きそく	규칙	N2	
乱	어지러울 란	ラン・ロン	みだ(れる)・みだ(る)	混乱	こんらん	혼란	N2	
普	넓을 보	フ	—	普通	ふつう	보통	N2	
司	맡을 사	シ	つかさど(る)	上司	じょうし	상사	N2	
康	편안 강	コウ	—	健康	けんこう	건강	N2	
測	측량할 측	ソク	はか(る)	予測	よそく	예측	N2	
豊	풍년 풍	ホウ	ゆた(か)	豊作	ほうさく	풍작	N2	
善	착할 선	ゼン	よ(い)・い(い)	改善	かいぜん	개선	N2	
厚	두터울 후	コウ	あつ(い)・あか	厚い	あつい	두껍다	N2	
齢	나이 령	レイ	よわい・とし	年齢	ねんれい	연령	N2	
囲	에워쌀 위	イ	かこ(む)・かこ(う)	周囲	しゅうい	주위	N2	
卒	군사 졸	ソツ・シュツ	そっ(する)・お(える)	卒業	そつぎょう	졸업	N2	
略	다스릴 략	リャク	ほぼ・はぶ(く)	省略	しょうりゃく	생략	N2	
承	받들 승	ショウ・ジョウ	うけたまわ(る)・う(ける)	承知	しょうちする	승낙	N2	
順	순할 순	ジュン	—	順番	じゅんばん	순서·차례	N2	
級	등급 급	キュウ	—	級	きゅう	급	N2	
岩	巖의 俗字	ガン	いわ	岩	いわ	바위	N2	
練	익힐 련	レン	ね(る)・ね(り)	練習	れんしゅう	연습	N2	
了	마칠 료	リョウ	—	完了	かんりょう	완료	N2	
庁	관청 청	チョウ・テイ	やくしょ	官庁	かんちょう	관청	N2	
城	보루 성	ジョウ・セイ	しろ	城	しろ	성	N2	
救	구원할 구	キュウ	すく(う)	救う	すくう	구하다	N2	
層	겹 층	ソウ	—	一層	いっそう	한층	N2	
版	조각 판	ハン	—	出版	しゅっぱん	출판	N2	
令	명령 령	レイ	—	命令	めいれい	명령	N2	
角	뿔 각	カク	かど・つの	角	かど	모퉁이	N2	
絡	헌솜 락	ラク	から(む)・から(まる)	連絡	れんらく	연락	N2	
損	덜 손	ソン	そこ(なう)・そこな(う)	損害	そんがい	손해	N2	
募	모을 모	ボ	つの(る)	募集	ぼしゅう	모집	N2	
裏	속 리	リ	うら	裏	うら	뒷면	N2	
仏	부처 불	ブツ・フツ	ほとけ	仏	ほとけ	부처	N2	
績	길쌈 적	セキ	—	成績	せいせき	성적	N2	
築	쌓을 축	チク	きず(く)	建築	けんちく	건축	N2	
貨	재화 화	カ	たから	硬貨	こうか	동전	N2	
志	뜻 지	シ	シリング・こころざ(す)	同志	どうし	동지	N2	
混	섞을 혼	コン	ま(じる)・ま(ざる)	混乱	こんらん	혼란	N2	
昇	해 돋을 승	ショウ	のぼ(る)	昇る	のぼる	떠오르다	N2	
血	피 혈	ケツ	ち	血	ち	피	N2	
温	따뜻할 온	オン	あたた(かい)	気温	きおん	기온	N2	
季	끝 계	キ	—	季節	きせつ	계절	N2	
星	별 성	セイ・ショウ	ほし	星	ほし	별	N2	
永	길 영	エイ	なが(い)	永久	えいきゅう	영구	N2	
著	나타날 저	チョ・チャク	あらわ(す)・いちじる(しい)	著す	あらわす	저술하다	N2	
誌	기록할 지	シ	—	雑誌	ざっし	잡지	N2	
庫	곳집 고	コ	—	冷蔵庫	れいぞうこ	냉장고	N2	广 집 ＋ 車 수레 → 수레를 넣어두는 집 → 창고
刊	책 펴낼 간	カン	—	刊行	かんこう	간행	N2	
像	모양 상	ゾウ	—	画像	がぞう	이미지	N2	
香	향내 향	コウ・キョウ	か・かお(り)	香り	かおり	향기	N2	
坂	언덕 판	ハン	さか	坂	さか	언덕	N2	
底	밑 저	テイ	そこ	徹底	てってい	철저	N2	
布	베 포	フ・ホ	ぬの・し(く)	財布	さいふ	지갑	N2	
寺	절 사	ジ	てら	寺	てら	절	N2	
宇	집 우	ウ	—	宇宙	うちゅう	우주	N2	
巨	클 거	キョ	—	巨大	きょだい	거대함	N2	
震	떨 진	シン	ふる(える)	地震	じしん	지진	N2	
希	바랄 희	キ	—	希望	きぼう	희망	N2	
触	닿을 촉	ショク	ふ(れる)・さわ(る)	触る	さわる	만지다	N2	
依	의지할 의	イ・エ	よ(る)	依然	いぜん	여전히	N2	
汚	더러울 오	オ	けが(す)・けが(れる)	汚い	きたない	더럽다	N2	
枚	줄기 매	マイ・バイ	—	枚数	まいすう	장수	N2	
複	겹옷 복	フク	—	複雑	ふくざつ	복잡함	N2	
郵	역말 우	ユウ	—	郵便局	ゆうびんきょく	우체국	N2	
仲	버금 중	チュウ	なか	仲間	なかま	동료	N2	
栄	영화 영	エイ・ヨウ	さか(える)・は(え)	栄養	えいよう	영양	N2	
札	패 찰	サツ	ふだ	札	さつ	지폐	N2	
恵	은혜 혜	ケイ・エ	めぐ(む)・めぐ(み)	知恵	ちえ	지혜	N2	
板	널조각 판	ハン・バン	いた	黒板	こくばん	칠판	N2	
節	마디 절	セツ・セチ	ふし・のっと	季節	きせつ	계절	N2	
骨	뼈 골	コツ	ほね	骨折	こっせつ	골절	N2	
傾	기울 경	ケイ	かたむ(く)・かたむ(ける)	傾向	けいこう	경향	N2	
届	이를 계	カイ	とど(ける)・とど(く)	届ける	とどける	배달하다	N2	
巻	책 권	カン・ケン	ま(く)・まき	巻く	まく	감다	N2	
燃	불사를 연	ネン	も(える)・も(やす)	燃える	もえる	타다	N2	
包	꾸릴 포	ホウ	つつ(む)・くる(む)	包む	つつむ	싸다	N2	
駐	머무를 주	チュウ	—	駐車	ちゅうしゃ	주차	N2	
賃	품팔이 임	チン	—	家賃	やちん	집세	N2	
紹	이을 소	ショウ	—	紹介	しょうかい	소개	N2	
雇	새이름 고	コ	やと(う)	雇う	やとう	고용하다	N2	
替	바꿀 체	タイ	か(える)・か(え-)	取り替える	とりかえる	바꾸다	N2	
預	미리 예	ヨ	あず(ける)・あず(かる)	預かる	あずかる	맡다	N2	
焼	불사를 소	ショウ	や(く)・や(き)	焼く	やく	굽다	N2	
簡	대쪽 간	カン・ケン	えら(ぶ)・ふだ	簡単	かんたん	간단함	N2	
章	문채 장	ショウ	—	文章	ぶんしょう	문장	N2	
臓	오장 장	ゾウ	はらわた	心臓	しんぞう	심장	N2	
律	법 률	リツ	—	法律	ほうりつ	법률	N2	
贈	보낼 증	ゾウ・ソウ	おく(る)	贈り物	おくりもの	선물	N2	
照	비출 조	ショウ	て(る)・て(らす)	対照	たいしょう	대조	N2	
宙	집 주	チュウ	—	宇宙	うちゅう	우주	N2	
薄	숲 박	ハク	うす(い)・うす-	薄い	うすい	얇다	N2	
群	무리 군	グン	む(れる)・む(れ)	群	ぐん	무리	N2	
秒	까끄라기 묘	ビョウ	—	秒	びょう	초	N2	
操	잡을 조	ソウ・サン	みさお・あやつ(る)	操作	そうさ	조작	N2	
奥	깊을 오	オウ	おく・おく(まる)	奥さん	おくさん	부인	N2	
詰	물을 힐	キツ・キチ	つ(める)・つ(め)	詰める	つめる	채우다	N2	
双	쌍 쌍	ソウ	ふた・たぐい	双子	ふたご	쌍둥이	N2	
刺	찌를 자	シ	さ(す)・さ(さる)	刺す	さす	찌르다	N2	
壁	벽 벽	ヘキ	かべ	壁	かべ	벽	N2	
仮	假의 略字	カ・ケ	かり・かり-	平仮名	ひらがな	히라가나	N2	
純	실 순	ジュン	—	単純	たんじゅん	단순함	N2	
看	볼 간	カン	み(る)	看護婦	かんごふ	간호사	N2	
翌	다음날 익	ヨク	—	翌日	よくじつ	다음 날	N2	
快	기분이 좋을 쾌	カイ	こころよ(い)	快適	かいてき	쾌적함	N2	
片	조각 편	ヘン	かた-・かた	片仮名	かたかな	가타카나	N2	
敬	공경할 경	ケイ・キョウ	うやま(う)	尊敬	そんけい	존경	N2	
悩	번뇌할 뇌	ノウ	なや(む)・なや(ます)	悩む	なやむ	고민하다	N2	
泉	샘 천	セン	いずみ	泉	いずみ	샘	N2	
皮	가죽 피	ヒ	かわ	皮	かわ	껍질	N2	
漁	물고기 잡을 어	ギョ・リョウ	あさ(る)	漁師	りょうし	어부	N2	
荒	거칠 황	コウ	あ(らす)・あ(れる)	荒廃	こうはい	황폐	N2	
貯	쌓을 저	チョ	—	貯金	ちょきん	저금	N2	
硬	굳을 경	コウ	かた(い)	硬い	かたい	딱딱하다	N2	
埋	묻을 매	マイ	う(める)・う(まる)	埋まる	うまる	묻히다	N2	
柱	기둥 주	チュウ	はしら	電柱	でんちゅう	전봇대	N2	
祭	제사 제	サイ	まつ(る)・まつ(り)	お祭り	おまつり	축제	N2	
袋	자루 대	タイ・ダイ	ふくろ	手袋	てぶくろ	장갑	N2	
筆	붓 필	ヒツ	ふで	鉛筆	えんぴつ	연필	N2	
訓	가르칠 훈	クン・キン	おし(える)・よ(む)	訓練	くんれん	훈련	N2	
浴	깨끗이할 욕	ヨク	あ(びる)・あ(びせる)	浴びる	あびる	뒤집어쓰다	N2	
童	아이 동	ドウ	わらべ	児童	じどう	아동	N2	
宝	보배 보	ホウ	たから	宝石	ほうせき	보석	N2	
封	봉할 봉	フウ・ホウ	—	封筒	ふうとう	봉투	N2	
胸	가슴 흉	キョウ	むね・むな-	胸	むね	가슴	N2	
砂	모래 사	サ・シャ	すな	砂糖	さとう	설탕	N2	
塩	鹽의 俗字	エン	しお	塩	しお	소금	N2	
賢	어질 현	ケン	かしこ(い)	賢い	かしこい	현명하다	N2	
腕	팔뚝 완	ワン	うで	腕	うで	팔	N2	
較	견줄 교	カク・コウ	くら(べる)	比較	ひかく	비교	N2	
兆	조짐 조	チョウ	きざ(す)・きざ(し)	前兆	ぜんちょう	전조	N2	
床	牀의 俗字	ショウ	とこ・ゆか	床屋	とこや	이발소	N2	
畑	화전 전	—	はた・はたけ	畑	はたけ	밭	N2	
毛	털 모	モウ	け	毛	け	털	N2	
緑	푸를 록	リョク・ロク	みどり	緑	みどり	초록	N2	
尊	존귀할 존	ソン	たっと(い)・とうと(い)	尊敬	そんけい	존경	N2	
祝	빌 축	シュク・シュウ	いわ(う)	お祝い	おいわい	축하	N2	
柔	부드러울 유	ジュウ・ニュウ	やわ(らか)・やわ(らかい)	柔道	じゅうどう	유도	N2	
殿	대궐 전	デン・テン	との	殿	どの	님	N2	
濃	짙을 농	ノウ	こ(い)	濃い	こい	진하다	N2	
液	즙 액	エキ	—	血液	けつえき	혈액	N2	
衣	옷 의	イ・エ	ころも・きぬ	衣料	いりょう	의류	N2	
肩	어깨 견	ケン	かた	肩	かた	어깨	N2	
零	조용히 오는 비 령	レイ	ぜろ・こぼ(す)	零	れい	영	N2	
幼	어릴 유	ヨウ	おさな(い)	幼い	おさない	어리다	N2	
荷	연 하	カ	に	荷物	にもつ	짐	N2	
泊	머무를 박	ハク	と(まる)・と(める)	泊まる	とまる	묵다	N2	
黄	누를 황	コウ・オウ	き・こ-	黄色	きいろ	노랑	N2	
甘	달 감	カン	あま(い)・あま(える)	甘い	あまい	달다	N2	
臣	신하 신	シン・ジン	—	大臣	だいじん	장관	N2	
浅	얕을 천	セン	あさ(い)	浅い	あさい	얕다	N2	
掃	쓸 소	ソウ・シュ	は(く)	掃除	そうじ	청소	N2	
雲	구름 운	ウン	くも	雲	くも	구름	N2	
掘	팔 굴	クツ	ほ(る)	掘る	ほる	파다	N2	
捨	버릴 사	シャ	す(てる)	捨てる	すてる	버리다	N2	
軟	부드러울 연	ナン	やわ(らか)・やわ(らかい)	軟らかい	やわらかい	부드럽다	N2	
沈	성 심	チン・ジン	しず(む)・しず(める)	沈む	しずむ	가라앉다	N2	
凍	얼 동	トウ	こお(る)・こご(える)	凍る	こおる	얼다	N2	
乳	젖 유	ニュウ	ちち・ち	牛乳	ぎゅうにゅう	우유	N2	
恋	그리워할 련	レン	こ(う)・こい	恋人	こいびと	연인	N2	
紅	붉을 홍	コウ・ク	べに・くれない	紅茶	こうちゃ	홍차	N2	
郊	성 밖 교	コウ	—	郊外	こうがい	교외	N2	
腰	허리 요	ヨウ	こし	腰	こし	허리	N2	
炭	숯 탄	タン	すみ	石炭	せきたん	석탄	N2	
踊	뛸	ヨウ	おど(る)	踊り	おどり	춤	N2	
冊	책 책	サツ・サク	ふみ	一冊	いっさつ	한 권	N2	
勇	날랠 용	ユウ	いさ(む)	勇気	ゆうき	용기	N2	
械	기계 계	カイ	—	機械	きかい	기계	N2	
珍	보배 진	チン	めずら(しい)・たから	珍しい	めずらしい	드물다	N2	
卵	알 난	ラン	たまご	卵	たまご	달걀	N2	
湖	호수 호	コ	みずうみ	湖	みずうみ	호수	N2	
狭	좁을 협	キョウ・コウ	せま(い)・せば(める)	狭い	せまい	좁다	N2	
喫	마실 끽	キツ	の(む)	喫茶店	きっさてん	찻집	N2	
干	방패 간	カン	ほ(す)・ほ(し-)	干す	ほす	말리다	N2	
虫	벌레 충	チュウ・キ	むし	虫	むし	벌레	N2	
刷	긁을 쇄	サツ	す(る)・は(く)	刷る	する	인쇄하다	N2	
湯	물 끓일 탕	トウ	ゆ	湯	ゆ	뜨거운 물	N2	
溶	물 질펀히 흐를 용	ヨウ	と(ける)・と(かす)	溶く	とく	풀다	N2	
暖	따뜻할 난	ダン・ノン	あたた(か)・あたた(かい)	暖かい	あたたかい	따뜻하다	N2	
鉱	쇳돌 광	コウ	あらがね	炭鉱	たんこう	탄광	N2	
泣	눈물 줄줄 흘릴 읍	キュウ	な(く)	泣く	なく	울다	N2	
涙	눈물 루	ルイ・レイ	なみだ	涙	なみだ	눈물	N2	
匹	짝 필	ヒツ	ひき	一匹	いっぴき	한 마리	N2	
孫	손자 손	ソン	まご	孫	まご	손자	N2	
鋭	날카로울 예	エイ	するど(い)	鋭い	するどい	날카롭다	N2	
枝	가지 지	シ	えだ	枝	えだ	가지	N2	
塗	바를 도	ト	ぬ(る)・ぬ(り)	塗る	ぬる	칠하다	N2	
軒	초헌 헌	ケン	のき	軒	のき	처마	N2	
毒	독 독	ドク	—	毒	どく	독	N2	
叫	부를 규	キョウ	さけ(ぶ)	叫ぶ	さけぶ	외치다	N2	
拝	절 배	ハイ	おが(む)・おろが(む)	拝見	はいけんする	삼가 봄	N2	
氷	얼음 빙	ヒョウ	こおり・ひ	氷	こおり	얼음	N2	
乾	마를 간	カン・ケン	かわ(く)・かわ(かす)	乾く	かわく	마르다	N2	
棒	몽둥이 봉	ボウ	—	泥棒	どろぼう	도둑	N2	
祈	빌 기	キ	いの(る)	祈る	いのる	빌다	N2	
拾	주울 습	シュウ・ジュウ	ひろ(う)	拾う	ひろう	줍다	N2	
粉	가루 분	フン	デシメートル・こ	粉	こな	가루	N2	
糸	실	シ	いと	糸	いと	실	N2	
綿	이어질 면	メン	わた	木綿	もめん	무명	N2	
汗	땀 한	カン	あせ	汗	あせ	땀	N2	
銅	구리 동	ドウ	あかがね	銅貨	どうか	동전	N2	
湿	젖을 습	シツ	しめ(る)	湿度	しつど	습도	N2	
咲	필 소	ショウ	さ(く)	咲く	さく	피다	N2	
召	부를 소	ショウ	め(す)	召し上がる	めしあがる	드시다	N2	
脂	기름 지	シ	あぶら	脂肪	しぼう	지방	N2	
蒸	찔 증	ジョウ・セイ	む(す)・む(れる)	蒸す	むす	찌다	N2	
肌	살 기	キ	はだ	肌	はだ	피부	N2	
耕	밭갈 경	コウ	たがや(す)	耕す	たがやす	갈다	N2	
鈍	무딜 둔	ドン	にぶ(い)・にぶ(る)	鈍い	にぶい	둔하다	N2	
泥	막힐 니	デイ・ナイ	どろ・なず(む)	泥棒	どろぼう	도둑	N2	
隅	모퉁이 우	グウ	すみ	隅	すみ	구석	N2	
灯	燈의 略字	トウ	ひ・ほ-	電灯	でんとう	전등	N2	
辛	매울 신	シン	から(い)・つら(い)	辛い	からい	맵다	N2	
磨	갈 마	マ	みが(く)・す(る)	磨く	みがく	닦다	N2	
麦	보리 맥	バク	むぎ	小麦	こむぎ	밀	N2	
姓	일가 성	セイ・ショウ	—	姓名	せいめい	성명	N2	
筒	사통대 통	トウ	つつ	封筒	ふうとう	봉투	N2	
鼻	코 비	ビ	はな	鼻	はな	코	N2	
粒	알 립	リュウ	つぶ	粒	つぶ	알갱이	N2	
詞	말씀 사	シ	ことば	助詞	じょし	조사	N2	
胃	밥통 위	イ	—	胃	い	위	N2	
畳	거듭 첩	ジョウ・チョウ	たた(む)・たたみ	畳	たたみ	다다미	N2	
机	느티나무 궤	キ	つくえ	机	つくえ	책상	N2	
膚	살갗 부	フ	はだ	皮膚	ひふ	피부	N2	
濯	씻을 탁	タク	すす(ぐ)・ゆす(ぐ)	洗濯	せんたく	빨래	N2	
塔	탑 탑	トウ	—	塔	とう	탑	N2	
沸	끓을 비	フツ	わ(く)・わ(かす)	沸く	わく	끓다	N2	
灰	재 회	カイ	はい	灰皿	はいざら	재떨이	N2	
菓	과일 과	カ	—	お菓子	おかし	과자	N2	
帽	모자 모	ボウ・モウ	ずきん・おお(う)	帽子	ぼうし	모자	N2	
枯	마를 고	コ	か(れる)・か(らす)	枯れる	かれる	시들다	N2	
涼	서늘할 량	リョウ	すず(しい)・すず(む)	涼しい	すずしい	시원하다	N2	
舟	배 주	シュウ	ふね・ふな-	舟	ふね	배	N2	
貝	조개 패	バイ	かい	貝	かい	조개	N2	
符	부신 부	フ	—	切符	きっぷ	표	N2	
憎	미워할 증	ゾウ	にく(む)・にく(い)	憎い	にくい	밉다	N2	
皿	그릇 명	ベイ	さら	お皿	おさら	접시	N2	
肯	옳이 여길 긍	コウ	がえんじ(る)	肯定	こうてい	긍정	N2	
燥	마를 조	ソウ	はしゃ(ぐ)	乾燥	かんそう	건조	N2	
畜	가축 축	チク	—	牧畜	ぼくちく	목축	N2	
坊	동네 방	ボウ・ボッ	—	寝坊	ねぼう	늦잠	N2	
挟	낄 협	キョウ・ショウ	はさ(む)・はさ(まる)	挟む	はさむ	끼우다	N2	
曇	날 흐릴 담	ドン	くも(る)	曇り	くもり	흐림	N2	
滴	물방울 적	テキ	しずく・したた(る)	水滴	すいてき	물방울	N2	
伺	엿볼 사	シ	うかが(う)	伺う	うかがう	여쭙다	N2	
患	근심 환	カン	わずら(う)	患者	かんじゃ	환자	N2	
跡	자취 적	セキ	あと	足跡	あしあと	발자국	N2	
籍	문서 적	セキ	—	国籍	こくせき	국적	N2	
缶	두레박 관	カン	かま	缶詰	かんづめ	통조림	N2	
瓶	병 병	ビン・ヘイ	かめ	花瓶	かびん	꽃병	N2	
隻	외짝 척	セキ	—	一隻	いっせき	배 한 척	N2	
